{
  "routeTaskUrl": "https://route.arcgis.com/arcgis/rest/services/World/Route/NAServer/Route_World",
  "travelModesUrl": "",
  "trafficLayerUrl": "",
  "routeOptions": {
    "directionsLanguage": "en-us",
    "directionsLengthUnits": "esriKilometers",
    "impedanceAttribute": ""
  },
  "searchOptions": {
    "sources": [
      {
        "url": "https://geocode.arcgis.com/arcgis/rest/services/World/GeocodeServer",
        "name": "ArcGIS World Geocoding Service",
        "singleLineFieldName": "SingleLine",
        "placeholder": "Find address or place",
        "countryCode": "",
        "maxSuggestions": 6,
        "searchInCurrentMapExtent": true,
        "enableLocalSearch": true,
        "localSearchMinScale": 300000,
        "localSearchDistance": 50000,
        "type": "locator",
        "autoComplete": true,
        "searchDelay": 350,
        "minCharacters": 3,
        "_isUpgrade": true,
        "_definition": {
          "singleLineAddressField": {
            "name": "SingleLine",
            "type": "esriFieldTypeString",
            "alias": "Single Line Input",
            "required": false,
            "length": 200,
            "localizedNames": {},
            "recognizedNames": {}
          },
          "capabilities": "Geocode,ReverseGeocode,Suggest",
          "url": "https://geocode.arcgis.com/arcgis/rest/services/World/GeocodeServer"
        }
      },
      {
        "name": "Peta Bangunan UI",
        "url": "http://demo.esriindonesia.co.id/arcgis/rest/services/Internship/Bangunan_UI_AddressLoc/GeocodeServer",
        "singleLineFieldName": "SingleLine",
        "placeholder": "Find address or place",
        "maxResults": 6,
        "searchInCurrentMapExtent": false,
        "type": "locator",
        "enableLocalSearch": false,
        "localSearchMinScale": 300000,
        "localSearchDistance": 50000
      }
    ]
  },
  "defaultLocations": [
    "",
    ""
  ],
  "barrierLayers": {
    "pointLayers": [
      ""
    ],
    "polylineLayers": [
      ""
    ],
    "polygonLayers": [
      ""
    ]
  }
}
