{
  "numPerPage": 30,
  "scopeOptions": {
    "MyContent": {
      "allow": true,
      "label": "Kepadatan Penduduk"
    },
    "MyOrganization": {
      "allow": true,
      "label": null
    },
    "Curated": {
      "allow": true,
      "label": null,
      "filter": null
    },
    "ArcGISOnline": {
      "allow": true,
      "label": null
    },
    "defaultScope": "MyOrganization"
  },
  "addFromUrl": {
    "allow": true
  },
  "addFromFile": {
    "allow": true,
    "maxRecordCount": 1000
  }
}
